EC;enzyme_name;enzyme_abbreviation;pathway_name;location;iYali4_flux;iYali4_reaction_id;iYali4_min;iYali4_max;iYLI647_flux;iYLI647_reaction_id;iYLI647_min;iYLI647_max;iMT1026v3_flux;iMT1026v3_reaction_id;iMT1026v3_min;iMT1026v3_max;iYli21_flux;iYli21_reaction_id;iYli21_min;iYli21_max
2.7.1.1;hexokinase;GLK;glycolysis;cytosol;100.0;534;100.00000000000253;99.99999999998661;100.0;HEX1;99.99999999999653;100.00000000001971;60.72375986449878;HEX1;0.0;100.00000000005754;100.0;R387;99.9999999999998;100.00000000002873
5.3.1.9;glucose-6-phosphate isomerase;PGI;glycolysis;cytosol;86.86451610328325;467;86.864516103241;86.86451610319082;36.422464499294605;PGI;36.422464499249685;36.42246449930224;0.0;PGI;0.0;39.27624013538298;47.142993308763565;R326;47.14299330888865;47.14299330882599
2.7.1.11;6-phosphofructokinase;PFK;glycolysis;cytosol;68.21706886051975;886;68.21706886043621;68.21706886051652;39.27939445784529;PFK;39.27939445793123;39.27939445784676;43.94577855486174;PFK;43.94577855478908;43.94577855492575;42.5964939830144;R636;42.5964939831321;42.59649398303483
4.1.2.13;fructose-bisphosphate aldolase;FBA;glycolysis;cytosol;68.21706886051975;450;68.21706886048055;68.21706886049611;39.27939445784529;FBA;39.27939445805043;39.27939445785762;43.94577855486174;FBA;43.945778554758924;43.94577855491252;42.5964939830144;R313;42.59649398256886;42.596493983280254
5.3.1.1;triosephosphate isomerase;TPI;glycolysis;cytosol;68.20355176923779;1054;68.20355176923599;68.2035517692072;54.9761677213224;TPI;54.9761677213394;54.9761677213437;56.59616687937713;TPI;56.59616687935331;56.596166879410944;54.93580556856958;R768;54.908743851399784;54.935805568569414
1.2.1.12;glyceraldehyde-3-phosphate dehydrogenase;GAPA;glycolysis;cytosol;133.83834387195498;486;133.83834387192005;133.83834387192462;126.47966147136657;GAPD;126.47966147136363;126.47966147136594;123.81374257642233;GAPD;123.81374257640209;123.81374257645388;120.5366266466148;R344;120.53662664662215;120.53662664662531
2.7.2.3;phosphoglycerate kinase;PGK;glycolysis;cytosol;133.83834387195498;892;133.8383438719354;133.83834387192434;-126.47966147136657;PGK;-126.47966147138291;-126.47966147135972;-123.81374257642233;PGK;-123.8137425765145;-123.8137425764155;120.5366266466148;R642;120.53662664659622;120.53662664661766
5.4.2.11;2,3-bisphosphoglycerate-dependent phosphoglycerate mutase;gpmA;glycolysis;cytosol;124.41076965047716;893;124.41076965048396;124.41076965043976;-116.8231926511147;PGM;-116.82319265104897;-116.82319265105798;-115.31283857982407;PGM;-115.31283857980249;-115.31283857976408;111.09945035057801;R643;111.09945035061999;111.09945035058148
4.2.1.11;enolase;ENO;glycolysis;cytosol;124.41076965047716;366;124.41076965045932;124.4107696504404;116.8231926511147;ENO;116.82319265112267;116.82319265112463;115.31283857982407;ENO;115.31283857923114;115.31283858002017;111.09945035057801;R292;111.09945035040334;111.09945035056407
2.7.1.40;pyruvate kinase;PYK;glycolysis;cytosol;120.95239783085219;962;120.95239783082033;120.9523978308094;113.96389296160856;PYK;113.96389296168476;113.9638929616217;109.50650621284652;PYK;109.50650621286762;109.50650621294241;107.63755614616092;R694;107.6375561461503;107.63755614618026
6.4.1.1;pyruvate carboxylase (Pyruvate -> Oxaloacetate);--;PyruvateOxidation;cytosol;34.77246344852593;958;34.77246344853745;34.77246344849959;22.129257420549123;PC;22.129257420549855;22.129257420601107;29.885640433241377;PC;29.88564043313316;29.885640433267554;46.76671333970703;R690;46.76671333980929;46.76671333974957
pyruvate_mitochodrial_transport;pyruvate mitochondrial transport via proton symport;--;PyruvateOxidation;cytosol <=> mitochondrial;78.41570342703601;2034;78.41570342695914;78.4157034270005;85.41538421299393;PYRt2m;85.41538421304779;85.41538421298084;74.16410512422277;PYRt2m;74.1641051241771;74.16410512424287;53.09870390763827;R1311;53.09870390763342;53.09870390751428
1.1.1.37;malate dehydrogenase (malate to oxaloacetate (producing oxaloacetate));--;PyruvateOxidation;cytosol <=> mitochondrial;76.0259914718691;713;59.198722348704926;1000.0;24.37558589915909;MDHm;0.0;32.59248460909748;181.96659629049506;MDHm;181.96659629064652;187.30913354536904;62.66539181239204;R533;33.86215015016353;164.27835035187638
1.2.4.1;pyruvate dehydrogenase E1 (Pyruvate -> Acetyl-CoA);--;PyruvateOxidation;mitochondrial;75.09804658609647;961;75.09804658616827;75.09804658603468;50.26883789761938;PDHm;50.268837897883884;50.268837897634064;64.23345939721919;PDHa1;62.62347294468948;64.23345939731489;49.77766800145895;R693;49.77766800146598;49.77766800145401
2.3.1.12;pyruvate dehydrogenase E2 component (Pyruvate -> Acetyl-CoA);--;PyruvateOxidation;mitochondrial;;;;;;;;;62.23791457850291;PDHbrm;60.627928126072305;62.23791457882642;;;;
2.3.3.1;citrate synthase (Oxaloacetate + Acetyl-CoA -> Citrate);--;TCA;mitochondrial;59.19872234871918;300;59.19872234889358;59.19872234866924;32.59248460909154;CSm;32.59248460912392;32.59248460915974;48.65423450348152;CSm;48.65423450327221;48.654234503459335;33.86215015020222;R236;33.862150150192946;33.862150150219094
4.2.1.3;aconitase (citrate to cis-aconitate(3-));--;TCA;mitochondrial;47.01654970020075;2305;0.0;1000.0;12.963369875737357;ACONT;0.0;32.5924846089913;48.654234503481526;ACONTm;0.0;48.65423450349395;8.014828927581632;R238;0.0;33.862150150185585
1.1.1.41;isocitrate dehydrogenase (NAD+);--;TCA;mitochondrial;-66.647245782592;658;-963.9377878087104;-66.64724578244522;0.0;ICDHxm;0.0;-9.206253537286102e-10;40.26567235312212;ICDHxm;38.486783783768715;40.26567234906214;0.0;R487;0.0;6.214406766957836e-11
1.2.4.2;oxoglutarate dehydrogenase (lipoamide);--;TCA;mitochondrial;28.705625425834356;832;28.705625425832604;28.705625425808194;;;;;;;;;15.53257602424177;R614;15.532576024184522;15.5325760242293
2.3.1.61;oxoglutarate dehydrogenase (dihydrolipoamide S-succinyltransferase);--;TCA;mitochondrial;28.705625425834356;831;28.705625425835706;28.705625425839486;18.621067223346788;AKGDbm;18.62106722336523;18.62106722335481;29.333363396031523;AKGDbm;27.72337694312659;29.333363396038543;15.53257602424177;R613;15.532576024141477;15.532576024237983
6.2.1.4;succinate-CoA ligase (ADP-forming);--;TCA;mitochondrial;28.705625425834356;1022;28.705625425819207;28.705625425805877;-18.621067223346788;SUCOASm;-18.621067223341512;-18.62106722227327;-29.333268217791257;SUCOASm;-29.33326821782213;-27.723281764278795;15.53257602424177;R741;15.532576024212005;15.53257602423919
6.2.1.5;succinate-CoA ligase (ADP-forming) or itaconate-CoA ligase (ADP-forming);--;TCA;mitochondrial;0.0;668;0.0;0.0;0.0;ITCOALm;0.0;0.0;0.0;ITCOALm;0.0;0.0;0.0;R496;0.0;0.0
1.3.5.1;succinate dehydrogenase (ubiquinone-6);--;TCA;mitochondrial;33.87892502548291;1021;33.8789250253825;33.87892502549971;20.172174053551377;SUCD2_u6m;20.17217405361156;20.172174053546282;30.719604127406175;SUCD2_u6m;0.0;30.7196041273869;20.711144679036778;R740;20.71114467898234;20.7111446790478
4.2.1.2;fumarase (fumarate to malate);--;TCA;mitochondrial;28.705625425834356;451;28.705625425795418;28.705625425792142;20.172174053551377;FUMm;20.172174053416484;20.17217405356368;144.24275491498764;FUMm;144.24275491491028;1000.0;15.53257602424177;R314;15.53257602403734;15.532576024282122
